workload,comparator,metric,paired_n,improvement_pct,ci_low,ci_high,p_raw,family,p_holm
LOCAL_HOTSPOT,STATIC_BPLUS,throughput_ops_s,10,-33.418482101258235,-39.16955085414834,-24.050077926142325,0.001953125,baseline,0.0078125
LOCAL_HOTSPOT,STATIC_BPLUS,p99_latency_ns,10,-48.684210526315795,-84.6749226006192,-19.266917293233085,0.009765625,baseline,0.01953125
LOCAL_HOTSPOT,PERIODIC_GLOBAL_REBUILD,throughput_ops_s,10,128.2590882621171,101.38402566320173,139.0303792632929,0.001953125,baseline,0.0078125
LOCAL_HOTSPOT,PERIODIC_GLOBAL_REBUILD,p99_latency_ns,10,-50.0,-83.33333333333333,-40.90909090909091,0.00390625,baseline,0.01171875
LOCAL_HOTSPOT,THRESHOLD_GLOBAL_REBUILD,throughput_ops_s,10,149.98250218086267,122.14869358612013,169.93468202011405,0.001953125,baseline,0.0078125
LOCAL_HOTSPOT,THRESHOLD_GLOBAL_REBUILD,p99_latency_ns,10,-61.76470588235294,-107.5,-50.0,0.001953125,baseline,0.0078125
LOCAL_HOTSPOT,LOCAL_COST_ADAPTIVE,throughput_ops_s,10,-5.865030969905684,-13.919860321376895,0.18047615513947046,0.130859375,baseline,0.130859375
LOCAL_HOTSPOT,LOCAL_COST_ADAPTIVE,p99_latency_ns,10,-5.851851851851852,-50.0,10.0,0.40625,baseline,0.40625
LOCAL_HOTSPOT,LARS_NO_DIAGNOSIS,throughput_ops_s,10,7.700655374128112,-11.768538108341431,24.732941961908278,0.625,ablation,1.0
LOCAL_HOTSPOT,LARS_NO_DIAGNOSIS,p99_latency_ns,10,6.473214285714286,-37.73148148148148,25.902255639097746,0.755859375,ablation,1.0
LOCAL_HOTSPOT,LARS_NO_LOCALITY,throughput_ops_s,10,0.17612300692540475,-13.510599628720898,11.496458512720208,0.921875,ablation,1.0
LOCAL_HOTSPOT,LARS_NO_LOCALITY,p99_latency_ns,10,-5.148883374689826,-34.34065934065934,6.724137931034482,0.337890625,ablation,1.0
LOCAL_HOTSPOT,LARS_NO_RUNTIME_VALIDATION,throughput_ops_s,10,-7.192353879007191,-15.421679671312951,-5.832349928302022,0.037109375,ablation,0.1484375
LOCAL_HOTSPOT,LARS_NO_RUNTIME_VALIDATION,p99_latency_ns,10,-5.851851851851852,-40.47619047619048,0.0,0.15625,ablation,0.625
LOCAL_HOTSPOT,LARS_NO_ROLLBACK,throughput_ops_s,10,-0.29471379130575726,-14.091321003563653,5.476905515045149,0.76953125,ablation,1.0
LOCAL_HOTSPOT,LARS_NO_ROLLBACK,p99_latency_ns,10,0.0,-42.261904761904766,12.903225806451612,0.625,ablation,1.0
MIXED,STATIC_BPLUS,throughput_ops_s,10,-19.981145155444466,-26.593614622695675,-9.788152780125035,0.005859375,baseline,0.01171875
MIXED,STATIC_BPLUS,p99_latency_ns,10,-20.526315789473685,-70.90643274853801,3.877005347593583,0.111328125,baseline,0.22265625
MIXED,PERIODIC_GLOBAL_REBUILD,throughput_ops_s,10,159.18314956328254,139.1926969219419,170.73825418286296,0.001953125,baseline,0.0078125
MIXED,PERIODIC_GLOBAL_REBUILD,p99_latency_ns,10,-12.52723311546841,-48.026315789473685,-2.7777777777777777,0.03515625,baseline,0.10546875
MIXED,THRESHOLD_GLOBAL_REBUILD,throughput_ops_s,10,-17.46234472791959,-27.758293944109113,-11.269139214436226,0.001953125,baseline,0.0078125
MIXED,THRESHOLD_GLOBAL_REBUILD,p99_latency_ns,10,-31.932773109243698,-100.0,-9.027777777777779,0.001953125,baseline,0.0078125
MIXED,LOCAL_COST_ADAPTIVE,throughput_ops_s,10,-1.7854738886382033,-16.22376036881715,10.797308554581344,0.625,baseline,0.625
MIXED,LOCAL_COST_ADAPTIVE,p99_latency_ns,10,-5.555555555555555,-52.63157894736842,31.03448275862069,0.943359375,baseline,0.943359375
MIXED,LARS_NO_DIAGNOSIS,throughput_ops_s,10,-1.6258283670215756,-15.598454752640315,6.221848472799157,0.431640625,ablation,0.966796875
MIXED,LARS_NO_DIAGNOSIS,p99_latency_ns,10,-12.152777777777779,-40.41501976284585,18.181818181818183,0.4765625,ablation,1.0
MIXED,LARS_NO_LOCALITY,throughput_ops_s,10,-3.117215055238737,-15.109555268576496,6.100097631752902,0.322265625,ablation,0.966796875
MIXED,LARS_NO_LOCALITY,p99_latency_ns,10,-6.613756613756614,-52.63157894736842,17.391304347826086,0.40625,ablation,1.0
MIXED,LARS_NO_RUNTIME_VALIDATION,throughput_ops_s,10,0.3319807013138951,-13.253221612405508,16.51204817043625,1.0,ablation,1.0
MIXED,LARS_NO_RUNTIME_VALIDATION,p99_latency_ns,10,-5.764411027568923,-59.09090909090909,35.483870967741936,0.865234375,ablation,1.0
MIXED,LARS_NO_ROLLBACK,throughput_ops_s,10,-6.660859627860171,-12.539007299226885,3.776827036179917,0.10546875,ablation,0.421875
MIXED,LARS_NO_ROLLBACK,p99_latency_ns,10,-3.382352941176471,-31.18421052631579,9.153318077803203,0.44921875,ablation,1.0
READ_HEAVY,STATIC_BPLUS,throughput_ops_s,10,-20.565663382657178,-27.39912012629411,-10.873332510571304,0.001953125,baseline,0.0078125
READ_HEAVY,STATIC_BPLUS,p99_latency_ns,10,-28.958333333333336,-42.857142857142854,0.0,0.015625,baseline,0.03125
READ_HEAVY,PERIODIC_GLOBAL_REBUILD,throughput_ops_s,10,152.14943094171832,136.79497071864756,187.4690320556798,0.001953125,baseline,0.0078125
READ_HEAVY,PERIODIC_GLOBAL_REBUILD,p99_latency_ns,10,-32.29166666666667,-44.79166666666667,-18.75,0.001953125,baseline,0.0078125
READ_HEAVY,THRESHOLD_GLOBAL_REBUILD,throughput_ops_s,10,-19.18867298292314,-24.629217770396448,-12.991436505021667,0.00390625,baseline,0.0078125
READ_HEAVY,THRESHOLD_GLOBAL_REBUILD,p99_latency_ns,10,-32.29166666666667,-57.142857142857146,-8.787878787878789,0.009765625,baseline,0.029296875
READ_HEAVY,LOCAL_COST_ADAPTIVE,throughput_ops_s,10,4.930809381538892,-11.019237345750465,13.771016636880864,1.0,baseline,1.0
READ_HEAVY,LOCAL_COST_ADAPTIVE,p99_latency_ns,10,6.818181818181818,-11.11111111111111,19.35483870967742,0.44140625,baseline,0.44140625
READ_HEAVY,LARS_NO_DIAGNOSIS,throughput_ops_s,10,-3.757284103555042,-11.680213415489467,4.289184884101234,0.431640625,ablation,0.86328125
READ_HEAVY,LARS_NO_DIAGNOSIS,p99_latency_ns,10,-2.6315789473684212,-24.31077694235589,8.695652173913043,0.6640625,ablation,1.0
READ_HEAVY,LARS_NO_LOCALITY,throughput_ops_s,10,-7.162360971829441,-11.812528429857563,-2.267909098459055,0.009765625,ablation,0.0390625
READ_HEAVY,LARS_NO_LOCALITY,p99_latency_ns,10,-10.555555555555555,-24.12280701754386,0.0,0.015625,ablation,0.0625
READ_HEAVY,LARS_NO_RUNTIME_VALIDATION,throughput_ops_s,10,-3.1554343640725238,-6.6967476846841025,1.2767694657940754,0.232421875,ablation,0.697265625
READ_HEAVY,LARS_NO_RUNTIME_VALIDATION,p99_latency_ns,10,-2.5,-11.11111111111111,9.615384615384615,0.953125,ablation,1.0
READ_HEAVY,LARS_NO_ROLLBACK,throughput_ops_s,10,-0.04492221533005053,-13.399885810199933,3.9221595016858877,0.431640625,ablation,0.86328125
READ_HEAVY,LARS_NO_ROLLBACK,p99_latency_ns,10,2.380952380952381,-22.22222222222222,8.695652173913043,0.5078125,ablation,1.0
SKEW_80_20,STATIC_BPLUS,throughput_ops_s,10,-25.401066703652297,-31.111454407413834,-20.601035033745934,0.001953125,baseline,0.0078125
SKEW_80_20,STATIC_BPLUS,p99_latency_ns,10,-38.421052631578945,-52.38095238095238,-25.0,0.001953125,baseline,0.0078125
SKEW_80_20,PERIODIC_GLOBAL_REBUILD,throughput_ops_s,10,181.64682698157674,143.5172434492103,203.64659965545542,0.001953125,baseline,0.0078125
SKEW_80_20,PERIODIC_GLOBAL_REBUILD,p99_latency_ns,10,-30.4953560371517,-50.0,-17.669172932330827,0.001953125,baseline,0.0078125
SKEW_80_20,THRESHOLD_GLOBAL_REBUILD,throughput_ops_s,10,-19.822904420178446,-27.087052771654164,-17.946125088771662,0.001953125,baseline,0.0078125
SKEW_80_20,THRESHOLD_GLOBAL_REBUILD,p99_latency_ns,10,-32.30994152046784,-44.44444444444444,-20.0,0.001953125,baseline,0.0078125
SKEW_80_20,LOCAL_COST_ADAPTIVE,throughput_ops_s,10,-4.152101396378522,-15.19056605356171,6.742830679103552,0.4921875,baseline,0.4921875
SKEW_80_20,LOCAL_COST_ADAPTIVE,p99_latency_ns,10,-4.761904761904762,-24.053030303030305,10.147849462365592,0.5546875,baseline,0.5546875
SKEW_80_20,LARS_NO_DIAGNOSIS,throughput_ops_s,10,-3.212498531945018,-9.563437175166463,3.9797399604268318,0.4921875,ablation,1.0
SKEW_80_20,LARS_NO_DIAGNOSIS,p99_latency_ns,10,-6.4393939393939394,-18.3982683982684,7.142857142857143,0.353515625,ablation,1.0
SKEW_80_20,LARS_NO_LOCALITY,throughput_ops_s,10,-1.227304628901053,-10.502909223378646,7.021916958813287,0.6953125,ablation,1.0
SKEW_80_20,LARS_NO_LOCALITY,p99_latency_ns,10,-4.166666666666667,-19.960474308300398,8.838709677419356,0.55078125,ablation,1.0
SKEW_80_20,LARS_NO_RUNTIME_VALIDATION,throughput_ops_s,10,-7.26522594600981,-12.211737883512749,9.080263667922297,0.556640625,ablation,1.0
SKEW_80_20,LARS_NO_RUNTIME_VALIDATION,p99_latency_ns,10,-4.3478260869565215,-16.666666666666668,9.544159544159545,0.58203125,ablation,1.0
SKEW_80_20,LARS_NO_ROLLBACK,throughput_ops_s,10,-8.809300964856021,-12.312755543397094,2.4005643459430317,0.10546875,ablation,0.421875
SKEW_80_20,LARS_NO_ROLLBACK,p99_latency_ns,10,-7.54985754985755,-15.036231884057973,4.0,0.29296875,ablation,1.0
STRESS,STATIC_BPLUS,throughput_ops_s,10,-22.20894472266658,-33.359337230629166,-14.142171245190813,0.001953125,baseline,0.0078125
STRESS,STATIC_BPLUS,p99_latency_ns,10,-15.555555555555555,-33.78623188405797,-7.857142857142858,0.00390625,baseline,0.0078125
STRESS,PERIODIC_GLOBAL_REBUILD,throughput_ops_s,10,103.58829489567859,88.0493009982765,139.9799026509657,0.001953125,baseline,0.0078125
STRESS,PERIODIC_GLOBAL_REBUILD,p99_latency_ns,10,-59.64912280701755,-75.83333333333334,-35.0,0.001953125,baseline,0.0078125
STRESS,THRESHOLD_GLOBAL_REBUILD,throughput_ops_s,10,108.86696427671396,91.24103020833414,128.95630179273834,0.001953125,baseline,0.0078125
STRESS,THRESHOLD_GLOBAL_REBUILD,p99_latency_ns,10,-53.94736842105263,-84.21052631578948,-39.5933014354067,0.001953125,baseline,0.0078125
STRESS,LOCAL_COST_ADAPTIVE,throughput_ops_s,10,-5.077517168220178,-19.97927450697176,1.7955297163563082,0.083984375,baseline,0.083984375
STRESS,LOCAL_COST_ADAPTIVE,p99_latency_ns,10,-1.7241379310344827,-17.795566502463057,7.862903225806452,0.453125,baseline,0.453125
STRESS,LARS_NO_DIAGNOSIS,throughput_ops_s,10,2.645530240533347,-6.421396157623179,12.903491660580684,0.4921875,ablation,0.984375
STRESS,LARS_NO_DIAGNOSIS,p99_latency_ns,10,3.0399274047186933,-17.857142857142858,14.285714285714286,1.0,ablation,1.0
STRESS,LARS_NO_LOCALITY,throughput_ops_s,10,8.885570493179323,-5.848895082245143,17.16693456493188,0.322265625,ablation,0.966796875
STRESS,LARS_NO_LOCALITY,p99_latency_ns,10,3.337041156840934,-15.625,16.666666666666668,0.6015625,ablation,1.0
STRESS,LARS_NO_RUNTIME_VALIDATION,throughput_ops_s,10,-10.588081715833669,-20.9455796251944,3.3071802811234385,0.10546875,ablation,0.421875
STRESS,LARS_NO_RUNTIME_VALIDATION,p99_latency_ns,10,-3.5098522167487687,-20.689655172413794,3.3333333333333335,0.3046875,ablation,1.0
STRESS,LARS_NO_ROLLBACK,throughput_ops_s,10,4.070832555441372,-10.709344073785072,13.66978354495169,1.0,ablation,1.0
STRESS,LARS_NO_ROLLBACK,p99_latency_ns,10,1.6666666666666667,-20.689655172413794,24.324324324324323,0.63671875,ablation,1.0
WORKLOAD_SHIFT,STATIC_BPLUS,throughput_ops_s,10,-33.557462832161704,-34.828539277220564,-28.181837855087466,0.001953125,baseline,0.0078125
WORKLOAD_SHIFT,STATIC_BPLUS,p99_latency_ns,10,-24.5,-37.5,-13.333333333333334,0.01953125,baseline,0.0390625
WORKLOAD_SHIFT,PERIODIC_GLOBAL_REBUILD,throughput_ops_s,10,79.59977383363295,71.25767572286,98.95114430089477,0.001953125,baseline,0.0078125
WORKLOAD_SHIFT,PERIODIC_GLOBAL_REBUILD,p99_latency_ns,10,-46.411483253588514,-65.0,-38.095238095238095,0.001953125,baseline,0.0078125
WORKLOAD_SHIFT,THRESHOLD_GLOBAL_REBUILD,throughput_ops_s,10,81.09016240286374,57.55388139387833,89.91367340076803,0.001953125,baseline,0.0078125
WORKLOAD_SHIFT,THRESHOLD_GLOBAL_REBUILD,p99_latency_ns,10,-59.89974937343358,-68.42105263157895,-33.333333333333336,0.00390625,baseline,0.01171875
WORKLOAD_SHIFT,LOCAL_COST_ADAPTIVE,throughput_ops_s,10,-7.184503000623981,-11.761037645513309,1.510672553324816,0.10546875,baseline,0.10546875
WORKLOAD_SHIFT,LOCAL_COST_ADAPTIVE,p99_latency_ns,10,1.4008620689655173,-11.397849462365592,16.3768115942029,0.548828125,baseline,0.548828125
WORKLOAD_SHIFT,LARS_NO_DIAGNOSIS,throughput_ops_s,10,-1.0260630031731461,-6.865067850433567,1.1137093437697076,0.193359375,ablation,0.580078125
WORKLOAD_SHIFT,LARS_NO_DIAGNOSIS,p99_latency_ns,10,1.4285714285714286,-5.172413793103448,3.225806451612903,1.0,ablation,1.0
WORKLOAD_SHIFT,LARS_NO_LOCALITY,throughput_ops_s,10,-4.246398148466558,-10.060856924836253,3.8224515672358232,0.275390625,ablation,0.580078125
WORKLOAD_SHIFT,LARS_NO_LOCALITY,p99_latency_ns,10,1.5625,-10.344827586206897,6.562847608453838,1.0,ablation,1.0
WORKLOAD_SHIFT,LARS_NO_RUNTIME_VALIDATION,throughput_ops_s,10,-10.203648937533583,-13.634415722620634,-7.727849124438261,0.001953125,ablation,0.0078125
WORKLOAD_SHIFT,LARS_NO_RUNTIME_VALIDATION,p99_latency_ns,10,-8.116883116883118,-15.886699507389162,1.7241379310344827,0.046875,ablation,0.1875
WORKLOAD_SHIFT,LARS_NO_ROLLBACK,throughput_ops_s,10,-1.4974122883355656,-7.9276920853214685,2.384852476132003,0.193359375,ablation,0.580078125
WORKLOAD_SHIFT,LARS_NO_ROLLBACK,p99_latency_ns,10,-0.05040322580645151,-7.963709677419355,9.67741935483871,0.91796875,ablation,1.0
WRITE_HEAVY,STATIC_BPLUS,throughput_ops_s,10,-4.238566463549771,-20.626190958074442,-1.109528786767393,0.037109375,baseline,0.07421875
WRITE_HEAVY,STATIC_BPLUS,p99_latency_ns,10,-13.80952380952381,-42.30769230769231,11.363636363636363,0.4375,baseline,1.0
WRITE_HEAVY,PERIODIC_GLOBAL_REBUILD,throughput_ops_s,10,182.34325385915662,140.54852845870187,204.24753865651633,0.001953125,baseline,0.0078125
WRITE_HEAVY,PERIODIC_GLOBAL_REBUILD,p99_latency_ns,10,3.1746031746031744,-16.666666666666668,13.025210084033613,0.89453125,baseline,1.0
WRITE_HEAVY,THRESHOLD_GLOBAL_REBUILD,throughput_ops_s,10,-7.4544386230271105,-12.814469710809515,-4.456800806596952,0.001953125,baseline,0.0078125
WRITE_HEAVY,THRESHOLD_GLOBAL_REBUILD,p99_latency_ns,10,-2.0833333333333335,-15.789473684210526,5.555555555555555,0.296875,baseline,1.0
WRITE_HEAVY,LOCAL_COST_ADAPTIVE,throughput_ops_s,10,-2.2151158588576845,-7.740256910139698,2.626212915366537,0.431640625,baseline,0.431640625
WRITE_HEAVY,LOCAL_COST_ADAPTIVE,p99_latency_ns,10,2.272727272727273,-15.625,20.33248081841432,0.8515625,baseline,1.0
WRITE_HEAVY,LARS_NO_DIAGNOSIS,throughput_ops_s,10,2.2788375465293633,-5.940342337509232,5.5144699852436725,0.76953125,ablation,1.0
WRITE_HEAVY,LARS_NO_DIAGNOSIS,p99_latency_ns,10,-3.125,-23.529411764705884,20.941176470588236,1.0,ablation,1.0
WRITE_HEAVY,LARS_NO_LOCALITY,throughput_ops_s,10,4.864176636158682,-8.037853547912553,16.347121186227362,0.4921875,ablation,1.0
WRITE_HEAVY,LARS_NO_LOCALITY,p99_latency_ns,10,16.919191919191917,-14.705882352941176,36.98979591836735,0.16015625,ablation,0.640625
WRITE_HEAVY,LARS_NO_RUNTIME_VALIDATION,throughput_ops_s,10,0.4537451824980965,-6.149846526755239,9.334062822416895,0.921875,ablation,1.0
WRITE_HEAVY,LARS_NO_RUNTIME_VALIDATION,p99_latency_ns,10,9.586056644880175,-17.647058823529413,20.465686274509807,0.35546875,ablation,1.0
WRITE_HEAVY,LARS_NO_ROLLBACK,throughput_ops_s,10,-2.4996780955765026,-6.915392782885607,9.89231189763129,1.0,ablation,1.0
WRITE_HEAVY,LARS_NO_ROLLBACK,p99_latency_ns,10,1.9230769230769231,-18.75,23.80952380952381,0.6640625,ablation,1.0
