profile,workload,variant,repetition,seed,phase,expected_diagnosis,event_id,region_id,event_operation_index,action_operation_index,action_start_operation,action_end_operation,trial_start_operation,trial_end_operation,commit_operation_index,trigger_window_sequence,diagnosis,action,outcome,reason,from_leaf,to_leaf,records_moved,leaves_touched,moved_record_fraction,touched_leaf_fraction,region_exposure_fraction,predicted_benefit_nanos,estimated_action_cost_nanos,safety_adjusted_cost_nanos,predicted_break_even_operations,action_nanos,trial_operations,comparable_trial_samples,baseline_objective_nanos,candidate_objective_nanos,baseline_p99_nanos,candidate_p99_nanos,baseline_operation_mix,trial_operation_mix,raw_gain,net_gain,operation_mix_drift
YCSB_VALIDATION,YCSB_A,LARS_FULL,2,1664525,YCSB_A,,1,20836,280383,-1,-1,-1,-1,-1,-1,-1,NO_CONFIDENT_DIAGNOSIS,,ABSTAIN,"diagnostic confidence not satisfied: insertScore=0.0, scanScore=0.0",-1,-1,0,0,0.0,0.0,NaN,NaN,NaN,NaN,NaN,0,0,0,NaN,NaN,NaN,NaN,,,NaN,NaN,NaN
YCSB_VALIDATION,YCSB_A,LARS_FULL,3,22695477,YCSB_A,,1,20941,201408,-1,-1,-1,-1,-1,-1,-1,NO_CONFIDENT_DIAGNOSIS,,ABSTAIN,"diagnostic confidence not satisfied: insertScore=0.0, scanScore=0.0",-1,-1,0,0,0.0,0.0,NaN,NaN,NaN,NaN,NaN,0,0,0,NaN,NaN,NaN,NaN,,,NaN,NaN,NaN
YCSB_VALIDATION,YCSB_A,LARS_FULL,3,22695477,YCSB_A,,2,20941,221202,-1,-1,-1,-1,-1,-1,-1,NO_CONFIDENT_DIAGNOSIS,,ABSTAIN,"diagnostic confidence not satisfied: insertScore=0.0, scanScore=0.0",-1,-1,0,0,0.0,0.0,NaN,NaN,NaN,NaN,NaN,0,0,0,NaN,NaN,NaN,NaN,,,NaN,NaN,NaN
YCSB_VALIDATION,YCSB_A,LARS_FULL,6,134775813,YCSB_A,,1,20941,200916,-1,-1,-1,-1,-1,-1,-1,NO_CONFIDENT_DIAGNOSIS,,ABSTAIN,"diagnostic confidence not satisfied: insertScore=0.0, scanScore=0.0",-1,-1,0,0,0.0,0.0,NaN,NaN,NaN,NaN,NaN,0,0,0,NaN,NaN,NaN,NaN,,,NaN,NaN,NaN
YCSB_VALIDATION,YCSB_A,LARS_FULL,6,134775813,YCSB_A,,2,20941,220631,-1,-1,-1,-1,-1,-1,-1,NO_CONFIDENT_DIAGNOSIS,,ABSTAIN,"diagnostic confidence not satisfied: insertScore=0.0, scanScore=0.0",-1,-1,0,0,0.0,0.0,NaN,NaN,NaN,NaN,NaN,0,0,0,NaN,NaN,NaN,NaN,,,NaN,NaN,NaN
YCSB_VALIDATION,YCSB_A,LARS_FULL,6,134775813,YCSB_A,,3,20941,278099,-1,-1,-1,-1,-1,-1,-1,NO_CONFIDENT_DIAGNOSIS,,ABSTAIN,"diagnostic confidence not satisfied: insertScore=0.0, scanScore=0.0",-1,-1,0,0,0.0,0.0,NaN,NaN,NaN,NaN,NaN,0,0,0,NaN,NaN,NaN,NaN,,,NaN,NaN,NaN
YCSB_VALIDATION,YCSB_A,LARS_FULL,6,134775813,YCSB_A,,4,20941,297393,-1,-1,-1,-1,-1,-1,-1,NO_CONFIDENT_DIAGNOSIS,,ABSTAIN,"diagnostic confidence not satisfied: insertScore=0.0, scanScore=0.0",-1,-1,0,0,0.0,0.0,NaN,NaN,NaN,NaN,NaN,0,0,0,NaN,NaN,NaN,NaN,,,NaN,NaN,NaN
YCSB_VALIDATION,YCSB_B,LARS_FULL,2,1664525,YCSB_B,,1,20941,179814,-1,-1,-1,-1,-1,-1,-1,NO_CONFIDENT_DIAGNOSIS,,ABSTAIN,"diagnostic confidence not satisfied: insertScore=0.0, scanScore=0.0",-1,-1,0,0,0.0,0.0,NaN,NaN,NaN,NaN,NaN,0,0,0,NaN,NaN,NaN,NaN,,,NaN,NaN,NaN
YCSB_VALIDATION,YCSB_B,LARS_FULL,3,22695477,YCSB_B,,1,20836,185427,-1,-1,-1,-1,-1,-1,-1,NO_CONFIDENT_DIAGNOSIS,,ABSTAIN,"diagnostic confidence not satisfied: insertScore=0.0, scanScore=0.0",-1,-1,0,0,0.0,0.0,NaN,NaN,NaN,NaN,NaN,0,0,0,NaN,NaN,NaN,NaN,,,NaN,NaN,NaN
YCSB_VALIDATION,YCSB_B,LARS_FULL,3,22695477,YCSB_B,,2,20836,231280,-1,-1,-1,-1,-1,-1,-1,NO_CONFIDENT_DIAGNOSIS,,ABSTAIN,"diagnostic confidence not satisfied: insertScore=0.0, scanScore=0.0",-1,-1,0,0,0.0,0.0,NaN,NaN,NaN,NaN,NaN,0,0,0,NaN,NaN,NaN,NaN,,,NaN,NaN,NaN
YCSB_VALIDATION,YCSB_B,LARS_FULL,4,69069,YCSB_B,,1,20941,99766,-1,-1,-1,-1,-1,-1,-1,NO_CONFIDENT_DIAGNOSIS,,ABSTAIN,"diagnostic confidence not satisfied: insertScore=0.0, scanScore=0.0",-1,-1,0,0,0.0,0.0,NaN,NaN,NaN,NaN,NaN,0,0,0,NaN,NaN,NaN,NaN,,,NaN,NaN,NaN
YCSB_VALIDATION,YCSB_B,LARS_FULL,5,48271,YCSB_B,,1,20941,216842,-1,-1,-1,-1,-1,-1,-1,NO_CONFIDENT_DIAGNOSIS,,ABSTAIN,"diagnostic confidence not satisfied: insertScore=0.0, scanScore=0.0",-1,-1,0,0,0.0,0.0,NaN,NaN,NaN,NaN,NaN,0,0,0,NaN,NaN,NaN,NaN,,,NaN,NaN,NaN
YCSB_VALIDATION,YCSB_B,LARS_FULL,5,48271,YCSB_B,,2,20941,236770,-1,-1,-1,-1,-1,-1,-1,NO_CONFIDENT_DIAGNOSIS,,ABSTAIN,"diagnostic confidence not satisfied: insertScore=0.0, scanScore=0.0",-1,-1,0,0,0.0,0.0,NaN,NaN,NaN,NaN,NaN,0,0,0,NaN,NaN,NaN,NaN,,,NaN,NaN,NaN
YCSB_VALIDATION,YCSB_B,LARS_FULL,5,48271,YCSB_B,,3,20941,256075,-1,-1,-1,-1,-1,-1,-1,NO_CONFIDENT_DIAGNOSIS,,ABSTAIN,"diagnostic confidence not satisfied: insertScore=0.0, scanScore=0.0",-1,-1,0,0,0.0,0.0,NaN,NaN,NaN,NaN,NaN,0,0,0,NaN,NaN,NaN,NaN,,,NaN,NaN,NaN
YCSB_VALIDATION,YCSB_B,LARS_FULL,5,48271,YCSB_B,,4,20941,275409,-1,-1,-1,-1,-1,-1,-1,NO_CONFIDENT_DIAGNOSIS,,ABSTAIN,"diagnostic confidence not satisfied: insertScore=0.0, scanScore=0.0",-1,-1,0,0,0.0,0.0,NaN,NaN,NaN,NaN,NaN,0,0,0,NaN,NaN,NaN,NaN,,,NaN,NaN,NaN
YCSB_VALIDATION,YCSB_B,LARS_FULL,7,16807,YCSB_B,,1,20836,280575,-1,-1,-1,-1,-1,-1,-1,NO_CONFIDENT_DIAGNOSIS,,ABSTAIN,"diagnostic confidence not satisfied: insertScore=0.0, scanScore=0.0",-1,-1,0,0,0.0,0.0,NaN,NaN,NaN,NaN,NaN,0,0,0,NaN,NaN,NaN,NaN,,,NaN,NaN,NaN
YCSB_VALIDATION,YCSB_B,LARS_FULL,7,16807,YCSB_B,,2,20941,296746,-1,-1,-1,-1,-1,-1,-1,NO_CONFIDENT_DIAGNOSIS,,ABSTAIN,"diagnostic confidence not satisfied: insertScore=0.0, scanScore=0.0",-1,-1,0,0,0.0,0.0,NaN,NaN,NaN,NaN,NaN,0,0,0,NaN,NaN,NaN,NaN,,,NaN,NaN,NaN
YCSB_VALIDATION,YCSB_B,LARS_FULL,8,2147483647,YCSB_B,,1,20836,185934,-1,-1,-1,-1,-1,-1,-1,NO_CONFIDENT_DIAGNOSIS,,ABSTAIN,"diagnostic confidence not satisfied: insertScore=0.0, scanScore=0.0",-1,-1,0,0,0.0,0.0,NaN,NaN,NaN,NaN,NaN,0,0,0,NaN,NaN,NaN,NaN,,,NaN,NaN,NaN
YCSB_VALIDATION,YCSB_B,LARS_FULL,8,2147483647,YCSB_B,,2,20836,232075,-1,-1,-1,-1,-1,-1,-1,NO_CONFIDENT_DIAGNOSIS,,ABSTAIN,"diagnostic confidence not satisfied: insertScore=0.0, scanScore=0.0",-1,-1,0,0,0.0,0.0,NaN,NaN,NaN,NaN,NaN,0,0,0,NaN,NaN,NaN,NaN,,,NaN,NaN,NaN
YCSB_VALIDATION,YCSB_B,LARS_FULL,8,2147483647,YCSB_B,,3,20836,278432,-1,-1,-1,-1,-1,-1,-1,NO_CONFIDENT_DIAGNOSIS,,ABSTAIN,"diagnostic confidence not satisfied: insertScore=0.0, scanScore=0.0",-1,-1,0,0,0.0,0.0,NaN,NaN,NaN,NaN,NaN,0,0,0,NaN,NaN,NaN,NaN,,,NaN,NaN,NaN
