profile,workload,variant,repetition,seed,initial_records,operations,elapsed_nanos,throughput_ops_s,mean_latency_ns,p50_latency_ns,p95_latency_ns,p99_latency_ns,max_latency_ns,search_p95_ns,insert_p95_ns,delete_p95_ns,update_p95_ns,range_p95_ns,final_records,leaf_count,avg_occupancy,peak_heap_bytes,process_cpu_nanos,current_thread_cpu_nanos,current_thread_allocated_bytes,gc_collections,gc_time_millis,jit_compilation_millis,controller_nanos,controller_time_share_pct,maintenance_count,maintenance_nanos,records_moved,leaves_touched,full_rebuilds,commit_count,rollback_count,abstain_count,no_trial_commits,failed_trials_kept,structural_attempts,expected_diagnosis_matches,expected_diagnosis_mismatches,observation_windows,reference_ready_windows,degraded_windows,persistent_triggers,diagnosis_attempts,confident_diagnoses,candidate_selections,trial_starts
YCSB_VALIDATION,YCSB_A,LARS_FULL,0,1103515245,1000000,300000,112177900,2674323.552143515,237.55733333333333,200.0,400.0,500.0,165800,400.0,NaN,NaN,400.0,NaN,1000000,20834,0.7499760007679754,165675008,437500000,125000000,46091512,0,0,347,655300,0.5841614079065485,0,0,0,0,0,0,0,0,0,0,0,0,0,66,21,4,0,0,0,0,0
YCSB_VALIDATION,YCSB_A,LARS_FULL,1,214013,1000000,300000,120386500,2491973.767822804,252.54666666666665,200.0,400.0,500.0,127000,400.0,NaN,NaN,400.0,NaN,1000000,20834,0.7499760007679754,167000240,578125000,140625000,48694672,0,0,481,580600,0.48227998986597337,0,0,0,0,0,0,0,0,0,0,0,0,0,67,21,6,0,0,0,0,0
YCSB_VALIDATION,YCSB_A,LARS_FULL,2,1664525,1000000,300000,130237000,2303492.8630112796,278.75466666666665,200.0,400.0,600.0,3560000,400.0,NaN,NaN,400.0,NaN,1000000,20834,0.7499760007679754,167772160,546875000,125000000,48324528,0,0,359,4323900,3.320024263458157,0,0,0,0,0,0,0,1,0,0,0,0,0,68,21,3,1,1,0,0,0
YCSB_VALIDATION,YCSB_A,LARS_FULL,3,22695477,1000000,300000,122899100,2441026.8260711427,265.313,200.0,400.0,600.0,2716700,400.0,NaN,NaN,400.0,NaN,1000000,20834,0.7499760007679754,165179744,531250000,140625000,45653704,0,0,381,3514200,2.8594188240597367,0,0,0,0,0,0,0,2,0,0,0,0,0,64,21,5,2,2,0,0,0
YCSB_VALIDATION,YCSB_A,LARS_FULL,4,69069,1000000,300000,114458500,2621037.31920303,241.50866666666667,200.0,400.0,600.0,184400,400.0,NaN,NaN,400.0,NaN,1000000,20834,0.7499760007679754,165675008,390625000,125000000,46046080,0,0,361,646700,0.5650082781095331,0,0,0,0,0,0,0,0,0,0,0,0,0,66,20,1,0,0,0,0,0
YCSB_VALIDATION,YCSB_A,LARS_FULL,5,48271,1000000,300000,124798400,2403876.9727817024,262.9676666666667,200.0,400.0,600.0,166900,400.0,NaN,NaN,400.0,NaN,1000000,20834,0.7499760007679754,168820736,468750000,140625000,48074432,0,0,454,857500,0.6871081680534366,0,0,0,0,0,0,0,0,0,0,0,0,0,70,22,4,0,0,0,0,0
YCSB_VALIDATION,YCSB_A,LARS_FULL,6,134775813,1000000,300000,130522500,2298454.289490318,272.4626666666667,200.0,400.0,600.0,3275500,400.0,NaN,NaN,400.0,NaN,1000000,20834,0.7499760007679754,167772160,468750000,140625000,48447664,0,0,453,4224000,3.2362236396023674,0,0,0,0,0,0,0,4,0,0,0,0,0,64,21,8,4,4,0,0,0
YCSB_VALIDATION,YCSB_A,LARS_FULL,7,16807,1000000,300000,132976600,2256036.024383237,285.457,300.0,500.0,600.0,682300,500.0,NaN,NaN,500.0,NaN,1000000,20834,0.7499760007679754,168820736,515625000,140625000,48222408,0,0,384,890600,0.6697418944385704,0,0,0,0,0,0,0,0,0,0,0,0,0,69,22,3,0,0,0,0,0
YCSB_VALIDATION,YCSB_A,LARS_FULL,8,2147483647,1000000,300000,119714100,2505970.4746558676,252.83433333333332,200.0,400.0,500.0,144400,400.0,NaN,NaN,400.0,NaN,1000000,20834,0.7499760007679754,167772160,515625000,125000000,48229072,0,0,382,676200,0.5648457449874326,0,0,0,0,0,0,0,0,0,0,0,0,0,70,21,5,0,0,0,0,0
YCSB_VALIDATION,YCSB_A,LARS_FULL,9,6364136223846793005,1000000,300000,121380600,2471564.6487165163,258.69,200.0,400.0,600.0,719400,400.0,NaN,NaN,400.0,NaN,1000000,20834,0.7499760007679754,167772160,531250000,125000000,48309152,0,0,437,636100,0.524054091016192,0,0,0,0,0,0,0,0,0,0,0,0,0,68,21,2,0,0,0,0,0
YCSB_VALIDATION,YCSB_A,LARS_MONITOR_ONLY,0,1103515245,1000000,300000,122508200,2448815.6711142603,255.16,200.0,400.0,600.0,221100,400.0,NaN,NaN,400.0,NaN,1000000,20834,0.7499760007679754,168820736,609375000,140625000,48433552,0,0,388,779000,0.6358758025993362,0,0,0,0,0,0,0,0,0,0,0,0,0,66,21,5,0,0,0,0,0
YCSB_VALIDATION,YCSB_A,LARS_MONITOR_ONLY,1,214013,1000000,300000,114208000,2626786.214625946,242.85966666666667,200.0,400.0,500.0,355600,400.0,NaN,NaN,400.0,NaN,1000000,20834,0.7499760007679754,165675008,406250000,125000000,46395816,0,0,350,1135200,0.9939759036144579,0,0,0,0,0,0,0,0,0,0,0,0,0,67,21,6,4,0,0,0,0
YCSB_VALIDATION,YCSB_A,LARS_MONITOR_ONLY,2,1664525,1000000,300000,116766600,2569227.844263685,244.79933333333332,200.0,400.0,500.0,267000,400.0,NaN,NaN,400.0,NaN,1000000,20834,0.7499760007679754,167772160,437500000,125000000,48128584,0,0,408,653200,0.5594065426243463,0,0,0,0,0,0,0,0,0,0,0,0,0,68,21,1,0,0,0,0,0
YCSB_VALIDATION,YCSB_A,LARS_MONITOR_ONLY,3,22695477,1000000,300000,117332600,2556834.1620316943,247.732,200.0,400.0,600.0,130100,400.0,NaN,NaN,400.0,NaN,1000000,20834,0.7499760007679754,166854704,453125000,125000000,48544392,0,0,431,531400,0.45290055790121414,0,0,0,0,0,0,0,0,0,0,0,0,0,64,21,4,0,0,0,0,0
YCSB_VALIDATION,YCSB_A,LARS_MONITOR_ONLY,4,69069,1000000,300000,129747500,2312183.2790612536,273.832,200.0,500.0,600.0,223500,500.0,NaN,NaN,400.0,NaN,1000000,20834,0.7499760007679754,167772160,515625000,140625000,48202888,0,0,376,1022700,0.7882232798319814,0,0,0,0,0,0,0,0,0,0,0,0,0,66,20,1,0,0,0,0,0
YCSB_VALIDATION,YCSB_A,LARS_MONITOR_ONLY,5,48271,1000000,300000,116999200,2564120.096547669,246.79566666666668,200.0,400.0,500.0,485500,400.0,NaN,NaN,400.0,NaN,1000000,20834,0.7499760007679754,167772160,406250000,125000000,48217368,0,0,349,726000,0.6205170633645358,0,0,0,0,0,0,0,0,0,0,0,0,0,70,22,0,0,0,0,0,0
YCSB_VALIDATION,YCSB_A,LARS_MONITOR_ONLY,6,134775813,1000000,300000,113462300,2644050.0501047485,240.62633333333332,200.0,400.0,500.0,201500,400.0,NaN,NaN,400.0,NaN,1000000,20834,0.7499760007679754,165675008,421875000,125000000,46115536,0,0,367,818700,0.7215612586735859,0,0,0,0,0,0,0,0,0,0,0,0,0,64,21,5,1,0,0,0,0
YCSB_VALIDATION,YCSB_A,LARS_MONITOR_ONLY,7,16807,1000000,300000,114086100,2629592.9127211818,239.794,200.0,400.0,500.0,189900,400.0,NaN,NaN,400.0,NaN,1000000,20834,0.7499760007679754,167772160,500000000,125000000,48078096,0,0,306,751000,0.6582747591512025,0,0,0,0,0,0,0,0,0,0,0,0,0,69,22,2,0,0,0,0,0
YCSB_VALIDATION,YCSB_A,LARS_MONITOR_ONLY,8,2147483647,1000000,300000,121898300,2461067.9558287524,255.76733333333334,200.0,400.0,600.0,291300,400.0,NaN,NaN,400.0,NaN,1000000,20834,0.7499760007679754,167772160,484375000,125000000,48379048,0,0,373,729600,0.5985317268575525,0,0,0,0,0,0,0,0,0,0,0,0,0,70,21,3,0,0,0,0,0
YCSB_VALIDATION,YCSB_A,LARS_MONITOR_ONLY,9,6364136223846793005,1000000,300000,119439200,2511738.1898070313,253.791,200.0,400.0,600.0,678800,400.0,NaN,NaN,400.0,NaN,1000000,20834,0.7499760007679754,165245296,468750000,125000000,46153448,0,0,409,694700,0.5816348401529816,0,0,0,0,0,0,0,0,0,0,0,0,0,68,21,1,0,0,0,0,0
YCSB_VALIDATION,YCSB_A,STATIC_BPLUS,0,1103515245,1000000,300000,106087900,2827843.7031932953,210.845,200.0,400.0,500.0,72200,400.0,NaN,NaN,400.0,NaN,1000000,20834,0.7499760007679754,162529280,343750000,125000000,44889112,0,0,191,0,0.0,0,0,0,0,0,0,0,0,0,0,0,0,0,0,0,0,0,0,0,0,0
YCSB_VALIDATION,YCSB_A,STATIC_BPLUS,1,214013,1000000,300000,127412100,2354564.440896901,249.003,200.0,400.0,600.0,23200,400.0,NaN,NaN,400.0,NaN,1000000,20834,0.7499760007679754,162529280,343750000,140625000,44889216,0,0,225,0,0.0,0,0,0,0,0,0,0,0,0,0,0,0,0,0,0,0,0,0,0,0,0
YCSB_VALIDATION,YCSB_A,STATIC_BPLUS,2,1664525,1000000,300000,103136800,2908758.0766515927,204.485,200.0,400.0,500.0,51700,400.0,NaN,NaN,400.0,NaN,1000000,20834,0.7499760007679754,162529280,296875000,109375000,44889112,0,0,221,0,0.0,0,0,0,0,0,0,0,0,0,0,0,0,0,0,0,0,0,0,0,0,0
YCSB_VALIDATION,YCSB_A,STATIC_BPLUS,3,22695477,1000000,300000,99817400,3005488.021126577,198.33833333333334,200.0,300.0,400.0,34400,300.0,NaN,NaN,300.0,NaN,1000000,20834,0.7499760007679754,162529280,343750000,109375000,44889216,0,0,184,0,0.0,0,0,0,0,0,0,0,0,0,0,0,0,0,0,0,0,0,0,0,0,0
YCSB_VALIDATION,YCSB_A,STATIC_BPLUS,4,69069,1000000,300000,100950200,2971762.3144877376,199.79733333333334,200.0,300.0,500.0,52700,300.0,NaN,NaN,300.0,NaN,1000000,20834,0.7499760007679754,162529280,296875000,109375000,44889216,0,0,185,0,0.0,0,0,0,0,0,0,0,0,0,0,0,0,0,0,0,0,0,0,0,0,0
YCSB_VALIDATION,YCSB_A,STATIC_BPLUS,5,48271,1000000,300000,108678700,2760430.5167433913,219.55,200.0,400.0,500.0,84600,400.0,NaN,NaN,400.0,NaN,1000000,20834,0.7499760007679754,162594832,328125000,125000000,44889112,0,0,188,0,0.0,0,0,0,0,0,0,0,0,0,0,0,0,0,0,0,0,0,0,0,0,0
YCSB_VALIDATION,YCSB_A,STATIC_BPLUS,6,134775813,1000000,300000,101059100,2968559.981238701,200.82566666666668,200.0,300.0,500.0,86200,300.0,NaN,NaN,300.0,NaN,1000000,20834,0.7499760007679754,162529280,312500000,93750000,44889112,0,0,190,0,0.0,0,0,0,0,0,0,0,0,0,0,0,0,0,0,0,0,0,0,0,0,0
YCSB_VALIDATION,YCSB_A,STATIC_BPLUS,7,16807,1000000,300000,111029400,2701987.04127015,222.12266666666667,200.0,400.0,500.0,92600,400.0,NaN,NaN,400.0,NaN,1000000,20834,0.7499760007679754,163577856,343750000,125000000,44889112,0,0,191,0,0.0,0,0,0,0,0,0,0,0,0,0,0,0,0,0,0,0,0,0,0,0,0
YCSB_VALIDATION,YCSB_A,STATIC_BPLUS,8,2147483647,1000000,300000,100147900,2995569.5526316576,197.81733333333332,200.0,300.0,400.0,70400,300.0,NaN,NaN,300.0,NaN,1000000,20834,0.7499760007679754,164691984,328125000,109375000,44889216,0,0,192,0,0.0,0,0,0,0,0,0,0,0,0,0,0,0,0,0,0,0,0,0,0,0,0
YCSB_VALIDATION,YCSB_A,STATIC_BPLUS,9,6364136223846793005,1000000,300000,100935600,2972192.170056947,198.416,200.0,300.0,500.0,57600,300.0,NaN,NaN,300.0,NaN,1000000,20834,0.7499760007679754,162529280,296875000,109375000,44889112,0,0,202,0,0.0,0,0,0,0,0,0,0,0,0,0,0,0,0,0,0,0,0,0,0,0,0
YCSB_VALIDATION,YCSB_B,LARS_FULL,0,1103515245,1000000,300000,119595800,2508449.293369834,249.99333333333334,200.0,400.0,600.0,688600,400.0,NaN,NaN,400.0,NaN,1000000,20834,0.7499760007679754,164626432,484375000,125000000,46035040,0,0,388,624400,0.5220919129267081,0,0,0,0,0,0,0,0,0,0,0,0,0,66,21,2,0,0,0,0,0
YCSB_VALIDATION,YCSB_B,LARS_FULL,1,214013,1000000,300000,116198100,2581797.809086379,246.14633333333333,200.0,400.0,500.0,229700,400.0,NaN,NaN,400.0,NaN,1000000,20834,0.7499760007679754,165245280,500000000,125000000,46867392,0,0,420,644400,0.5545701693917543,0,0,0,0,0,0,0,0,0,0,0,0,0,67,21,1,0,0,0,0,0
YCSB_VALIDATION,YCSB_B,LARS_FULL,2,1664525,1000000,300000,117838000,2545868.056144877,253.14733333333334,200.0,400.0,500.0,3838400,400.0,NaN,NaN,400.0,NaN,1000000,20834,0.7499760007679754,164837536,406250000,125000000,46041224,0,0,395,4382200,3.7188343318793597,0,0,0,0,0,0,0,1,0,0,0,0,0,68,21,5,1,1,0,0,0
YCSB_VALIDATION,YCSB_B,LARS_FULL,3,22695477,1000000,300000,120950800,2480347.3809185224,255.66633333333334,200.0,400.0,500.0,2945200,400.0,NaN,NaN,400.0,NaN,1000000,20834,0.7499760007679754,164757520,531250000,125000000,46435016,0,0,429,3774000,3.120277005195501,0,0,0,0,0,0,0,2,0,0,0,0,0,64,21,7,2,2,0,0,0
YCSB_VALIDATION,YCSB_B,LARS_FULL,4,69069,1000000,300000,128076800,2342344.5932440534,270.95933333333335,200.0,400.0,600.0,3640200,400.0,NaN,NaN,500.0,NaN,1000000,20834,0.7499760007679754,167772160,500000000,140625000,48569352,0,0,454,4512800,3.5235108934639214,0,0,0,0,0,0,0,1,0,0,0,0,0,66,20,4,1,1,0,0,0
YCSB_VALIDATION,YCSB_B,LARS_FULL,5,48271,1000000,300000,123225800,2434555.1012856076,256.815,200.0,400.0,500.0,3236700,400.0,NaN,NaN,400.0,NaN,1000000,20834,0.7499760007679754,166723584,515625000,140625000,48196864,0,0,422,4094400,3.322680802234597,0,0,0,0,0,0,0,4,0,0,0,0,0,70,22,7,4,4,0,0,0
YCSB_VALIDATION,YCSB_B,LARS_FULL,6,134775813,1000000,300000,123391700,2431281.8447269956,263.7343333333333,200.0,400.0,600.0,382200,400.0,NaN,NaN,500.0,NaN,1000000,20834,0.7499760007679754,164757520,546875000,140625000,46421776,0,0,418,726300,0.5886133346084056,0,0,0,0,0,0,0,0,0,0,0,0,0,64,21,0,0,0,0,0,0
YCSB_VALIDATION,YCSB_B,LARS_FULL,7,16807,1000000,300000,126896300,2364135.124507176,266.2703333333333,200.0,400.0,600.0,3052400,400.0,NaN,NaN,400.0,NaN,1000000,20834,0.7499760007679754,166756368,421875000,140625000,47271208,0,0,421,3788200,2.9852722262193616,0,0,0,0,0,0,0,2,0,0,0,0,0,69,22,7,2,2,0,0,0
YCSB_VALIDATION,YCSB_B,LARS_FULL,8,2147483647,1000000,300000,135087100,2220789.4018007643,281.0323333333333,200.0,400.0,600.0,3638800,400.0,NaN,NaN,500.0,NaN,1000000,20834,0.7499760007679754,168820736,515625000,140625000,48596048,0,0,515,4645200,3.438670309748303,0,0,0,0,0,0,0,3,0,0,0,0,0,70,21,5,3,3,0,0,0
YCSB_VALIDATION,YCSB_B,LARS_FULL,9,6364136223846793005,1000000,300000,118398700,2533811.6043503857,252.43633333333332,200.0,400.0,600.0,237900,400.0,NaN,NaN,400.0,NaN,1000000,20834,0.7499760007679754,163577856,500000000,140625000,45928616,0,0,379,668700,0.5647866066097009,0,0,0,0,0,0,0,0,0,0,0,0,0,68,21,1,0,0,0,0,0
YCSB_VALIDATION,YCSB_B,LARS_MONITOR_ONLY,0,1103515245,1000000,300000,117566400,2551749.4794431063,250.14033333333333,200.0,400.0,600.0,168800,400.0,NaN,NaN,400.0,NaN,1000000,20834,0.7499760007679754,164888608,453125000,140625000,46563248,0,0,434,587900,0.5000578396548674,0,0,0,0,0,0,0,0,0,0,0,0,0,66,21,3,1,0,0,0,0
YCSB_VALIDATION,YCSB_B,LARS_MONITOR_ONLY,1,214013,1000000,300000,108872100,2755526.8980758158,228.53966666666668,200.0,400.0,500.0,216600,400.0,NaN,NaN,400.0,NaN,1000000,20834,0.7499760007679754,165034176,390625000,125000000,46455728,0,0,327,539100,0.49516818358422404,0,0,0,0,0,0,0,0,0,0,0,0,0,67,21,2,0,0,0,0,0
YCSB_VALIDATION,YCSB_B,LARS_MONITOR_ONLY,2,1664525,1000000,300000,123644100,2426318.764906696,264.842,200.0,400.0,600.0,248100,400.0,NaN,NaN,500.0,NaN,1000000,20834,0.7499760007679754,165806096,359375000,125000000,46481408,0,0,383,846300,0.684464523580179,0,0,0,0,0,0,0,0,0,0,0,0,0,68,21,3,1,0,0,0,0
YCSB_VALIDATION,YCSB_B,LARS_MONITOR_ONLY,3,22695477,1000000,300000,116051000,2585070.3569982164,243.985,200.0,400.0,500.0,144600,400.0,NaN,NaN,400.0,NaN,1000000,20834,0.7499760007679754,164837536,468750000,125000000,46400592,0,0,396,703000,0.605768153656582,0,0,0,0,0,0,0,0,0,0,0,0,0,64,21,6,1,0,0,0,0
YCSB_VALIDATION,YCSB_B,LARS_MONITOR_ONLY,4,69069,1000000,300000,126346900,2374415.2013227073,265.64933333333335,200.0,400.0,600.0,147100,400.0,NaN,NaN,500.0,NaN,1000000,20834,0.7499760007679754,165179728,562500000,140625000,46690248,0,0,496,743200,0.588221792541012,0,0,0,0,0,0,0,0,0,0,0,0,0,66,20,7,2,0,0,0,0
YCSB_VALIDATION,YCSB_B,LARS_MONITOR_ONLY,5,48271,1000000,300000,135000000,2222222.222222222,290.0493333333333,300.0,500.0,900.0,190500,500.0,NaN,NaN,600.0,NaN,1000000,20834,0.7499760007679754,165245280,531250000,125000000,46834976,0,0,487,883700,0.6545925925925926,0,0,0,0,0,0,0,0,0,0,0,0,0,70,22,3,1,0,0,0,0
YCSB_VALIDATION,YCSB_B,LARS_MONITOR_ONLY,6,134775813,1000000,300000,115834300,2589906.4439462232,246.67433333333332,200.0,400.0,500.0,437100,400.0,NaN,NaN,400.0,NaN,1000000,20834,0.7499760007679754,165675008,453125000,125000000,46471008,0,0,395,979900,0.8459497748076347,0,0,0,0,0,0,0,0,0,0,0,0,0,64,21,2,0,0,0,0,0
YCSB_VALIDATION,YCSB_B,LARS_MONITOR_ONLY,7,16807,1000000,300000,116097700,2584030.519123118,248.83533333333332,200.0,400.0,500.0,125000,400.0,NaN,NaN,400.0,NaN,1000000,20834,0.7499760007679754,165099728,375000000,125000000,46300272,0,0,357,552000,0.4754616155186537,0,0,0,0,0,0,0,0,0,0,0,0,0,69,22,9,6,0,0,0,0
YCSB_VALIDATION,YCSB_B,LARS_MONITOR_ONLY,8,2147483647,1000000,300000,119529600,2509838.5671833586,250.857,200.0,400.0,600.0,282300,400.0,NaN,NaN,400.0,NaN,1000000,20834,0.7499760007679754,165886112,468750000,125000000,46423912,0,0,412,850300,0.7113719112253366,0,0,0,0,0,0,0,0,0,0,0,0,0,70,21,6,2,0,0,0,0
YCSB_VALIDATION,YCSB_B,LARS_MONITOR_ONLY,9,6364136223846793005,1000000,300000,112555300,2665356.495873584,238.47366666666667,200.0,400.0,500.0,201500,400.0,NaN,NaN,400.0,NaN,1000000,20834,0.7499760007679754,165245280,375000000,125000000,46840664,0,0,375,851300,0.756339328312394,0,0,0,0,0,0,0,0,0,0,0,0,0,68,21,2,0,0,0,0,0
YCSB_VALIDATION,YCSB_B,STATIC_BPLUS,0,1103515245,1000000,300000,104316700,2875857.844429511,208.87166666666667,200.0,400.0,500.0,88300,400.0,NaN,NaN,400.0,NaN,1000000,20834,0.7499760007679754,163577856,375000000,109375000,45822136,0,0,198,0,0.0,0,0,0,0,0,0,0,0,0,0,0,0,0,0,0,0,0,0,0,0,0
YCSB_VALIDATION,YCSB_B,STATIC_BPLUS,1,214013,1000000,300000,99906700,3002801.613905774,199.25366666666667,200.0,400.0,500.0,57300,400.0,NaN,NaN,400.0,NaN,1000000,20834,0.7499760007679754,162529280,328125000,109375000,45813680,0,0,189,0,0.0,0,0,0,0,0,0,0,0,0,0,0,0,0,0,0,0,0,0,0,0,0
YCSB_VALIDATION,YCSB_B,STATIC_BPLUS,2,1664525,1000000,300000,99676100,3009748.5756364865,197.507,200.0,300.0,500.0,123000,300.0,NaN,NaN,400.0,NaN,1000000,20834,0.7499760007679754,163577856,328125000,109375000,45820544,0,0,203,0,0.0,0,0,0,0,0,0,0,0,0,0,0,0,0,0,0,0,0,0,0,0,0
YCSB_VALIDATION,YCSB_B,STATIC_BPLUS,3,22695477,1000000,300000,99642800,3010754.414769557,198.27633333333333,200.0,300.0,400.0,39400,300.0,NaN,NaN,400.0,NaN,1000000,20834,0.7499760007679754,162562064,312500000,109375000,45784400,0,0,207,0,0.0,0,0,0,0,0,0,0,0,0,0,0,0,0,0,0,0,0,0,0,0,0
YCSB_VALIDATION,YCSB_B,STATIC_BPLUS,4,69069,1000000,300000,114924800,2610402.62850142,232.23,200.0,400.0,600.0,3698000,400.0,NaN,NaN,400.0,NaN,1000000,20834,0.7499760007679754,163577856,375000000,125000000,45814016,0,0,213,0,0.0,0,0,0,0,0,0,0,0,0,0,0,0,0,0,0,0,0,0,0,0,0
YCSB_VALIDATION,YCSB_B,STATIC_BPLUS,5,48271,1000000,300000,100916800,2972745.8659014157,198.11866666666666,200.0,300.0,500.0,72100,300.0,NaN,NaN,400.0,NaN,1000000,20834,0.7499760007679754,162529280,390625000,125000000,45784328,0,0,216,0,0.0,0,0,0,0,0,0,0,0,0,0,0,0,0,0,0,0,0,0,0,0,0
YCSB_VALIDATION,YCSB_B,STATIC_BPLUS,6,134775813,1000000,300000,111264000,2696289.905090595,220.09533333333334,200.0,400.0,500.0,49600,400.0,NaN,NaN,400.0,NaN,1000000,20834,0.7499760007679754,162609296,390625000,125000000,45819448,0,0,194,0,0.0,0,0,0,0,0,0,0,0,0,0,0,0,0,0,0,0,0,0,0,0,0
YCSB_VALIDATION,YCSB_B,STATIC_BPLUS,7,16807,1000000,300000,109035800,2751389.9104697723,217.179,200.0,400.0,500.0,72900,400.0,NaN,NaN,400.0,NaN,1000000,20834,0.7499760007679754,162609296,296875000,109375000,45837688,0,0,200,0,0.0,0,0,0,0,0,0,0,0,0,0,0,0,0,0,0,0,0,0,0,0,0
YCSB_VALIDATION,YCSB_B,STATIC_BPLUS,8,2147483647,1000000,300000,104812300,2862259.486720547,208.19,200.0,400.0,500.0,52900,400.0,NaN,NaN,400.0,NaN,1000000,20834,0.7499760007679754,162594832,328125000,109375000,45827408,0,0,220,0,0.0,0,0,0,0,0,0,0,0,0,0,0,0,0,0,0,0,0,0,0,0,0
YCSB_VALIDATION,YCSB_B,STATIC_BPLUS,9,6364136223846793005,1000000,300000,101888900,2944383.5393256773,201.38433333333333,200.0,400.0,500.0,54700,400.0,NaN,NaN,400.0,NaN,1000000,20834,0.7499760007679754,163577856,359375000,109375000,45845120,0,0,187,0,0.0,0,0,0,0,0,0,0,0,0,0,0,0,0,0,0,0,0,0,0,0,0
YCSB_VALIDATION,YCSB_E,LARS_FULL,0,1103515245,1000000,300000,355299800,844357.356801214,961.8136666666667,700.0,1700.0,3100.0,23632700,NaN,2900.0,NaN,NaN,1400.0,1015118,20834,0.7613141379475856,324660088,1031250000,343750000,857629400,4,32,731,1135700,0.31964555003971296,0,0,0,0,0,0,0,0,0,0,0,0,0,67,20,0,0,0,0,0,0
YCSB_VALIDATION,YCSB_E,LARS_FULL,1,214013,1000000,300000,327728200,915392.6943119329,885.3393333333333,600.0,1600.0,3000.0,24052800,NaN,3000.0,NaN,NaN,1200.0,1015036,20834,0.7612526399155227,321910400,1140625000,312500000,865681352,4,32,564,733400,0.2237830006694572,0,0,0,0,0,0,0,0,0,0,0,0,0,67,20,0,0,0,0,0,0
YCSB_VALIDATION,YCSB_E,LARS_FULL,2,1664525,1000000,300000,371067600,808478.023950353,1021.1793333333334,700.0,1800.0,3300.0,27526300,NaN,3100.0,NaN,NaN,1400.0,1015033,20834,0.7612503899875204,323799472,1156250000,343750000,864104456,4,39,684,848500,0.22866453444062484,0,0,0,0,0,0,0,0,0,0,0,0,0,71,20,0,0,0,0,0,0
YCSB_VALIDATION,YCSB_E,LARS_FULL,3,22695477,1000000,300000,392328200,764665.9098173417,1078.8903333333333,800.0,1900.0,3800.0,28596500,NaN,3200.0,NaN,NaN,1600.0,1014968,20834,0.7612016415474705,320287328,1390625000,343750000,865356752,4,42,892,1036400,0.264166582978231,0,0,0,0,0,0,0,0,0,0,0,0,0,66,20,0,0,0,0,0,0
YCSB_VALIDATION,YCSB_E,LARS_FULL,4,69069,1000000,300000,374727900,800580.90150213,1025.4146666666666,700.0,1800.0,3500.0,27382000,NaN,3100.0,NaN,NaN,1500.0,1015193,20834,0.7613703861476433,323798960,1562500000,328125000,865516464,4,39,900,1165300,0.3109723081734773,0,0,0,0,0,0,0,0,0,0,0,0,0,67,20,0,0,0,0,0,0
YCSB_VALIDATION,YCSB_E,LARS_FULL,5,48271,1000000,300000,383267200,782743.7359627957,1049.805,700.0,1900.0,3900.0,28032400,NaN,3200.0,NaN,NaN,1500.0,1015049,20834,0.7612623896035327,323347088,1546875000,343750000,864356728,4,38,855,1029800,0.2686898330981623,0,0,0,0,0,0,0,0,0,0,0,0,0,70,20,0,0,0,0,0,0
YCSB_VALIDATION,YCSB_E,LARS_FULL,6,134775813,1000000,300000,367648700,815996.3573922606,1012.8316666666667,700.0,1800.0,3400.0,25952600,NaN,2900.0,NaN,NaN,1500.0,1014967,20834,0.7612008915714698,322179680,1109375000,328125000,865216792,4,38,974,713400,0.19404393378787957,0,0,0,0,0,0,0,0,0,0,0,0,0,65,20,0,0,0,0,0,0
YCSB_VALIDATION,YCSB_E,LARS_FULL,7,16807,1000000,300000,342588200,875686.9034018101,922.8896666666667,700.0,1600.0,2800.0,26956000,NaN,2800.0,NaN,NaN,1200.0,1014848,20834,0.7611116444273783,325952288,1093750000,312500000,864724528,4,38,632,1046700,0.30552716059689156,0,0,0,0,0,0,0,0,0,0,0,0,0,68,20,0,0,0,0,0,0
YCSB_VALIDATION,YCSB_E,LARS_FULL,8,2147483647,1000000,300000,371673400,807160.2648992368,1021.2493333333333,800.0,1800.0,3400.0,27572100,NaN,3100.0,NaN,NaN,1400.0,1015012,20834,0.7612346404915042,322077616,1453125000,343750000,865974520,4,38,753,964100,0.2593944037964514,0,0,0,0,0,0,0,0,0,0,0,0,0,70,20,0,0,0,0,0,0
YCSB_VALIDATION,YCSB_E,LARS_FULL,9,6364136223846793005,1000000,300000,388056700,773082.9025758349,1069.7283333333332,700.0,1900.0,3800.0,25839800,NaN,3100.0,NaN,NaN,1600.0,1015059,20834,0.7612698893635403,325746016,1578125000,359375000,864683080,4,41,1154,1239800,0.3194893942045067,0,0,0,0,0,0,0,0,0,0,0,0,0,68,20,0,0,0,0,0,0
YCSB_VALIDATION,YCSB_E,LARS_MONITOR_ONLY,0,1103515245,1000000,300000,357751300,838571.3762605474,969.6426666666666,700.0,1700.0,3200.0,28386200,NaN,3000.0,NaN,NaN,1300.0,1015118,20834,0.7613141379475856,322722240,1312500000,328125000,864072608,4,39,634,759600,0.21232627246917063,0,0,0,0,0,0,0,0,0,0,0,0,0,67,20,0,0,0,0,0,0
YCSB_VALIDATION,YCSB_E,LARS_MONITOR_ONLY,1,214013,1000000,300000,351829100,852686.7163631434,956.104,700.0,1700.0,3400.0,27346600,NaN,3200.0,NaN,NaN,1300.0,1015036,20834,0.7612526399155227,324171504,1343750000,296875000,865680744,4,39,637,759600,0.2159002765831479,0,0,0,0,0,0,0,0,0,0,0,0,0,67,20,0,0,0,0,0,0
YCSB_VALIDATION,YCSB_E,LARS_MONITOR_ONLY,2,1664525,1000000,300000,349831300,857556.1992308864,958.861,700.0,1800.0,3200.0,24217300,NaN,2900.0,NaN,NaN,1400.0,1015033,20834,0.7612503899875204,322512088,1421875000,312500000,864369504,4,33,876,697700,0.19943898673446314,0,0,0,0,0,0,0,0,0,0,0,0,0,71,20,0,0,0,0,0,0
YCSB_VALIDATION,YCSB_E,LARS_MONITOR_ONLY,3,22695477,1000000,300000,347083100,864346.319368474,955.8466666666667,700.0,1700.0,2900.0,26548800,NaN,2700.0,NaN,NaN,1300.0,1014968,20834,0.7612016415474705,322730800,1062500000,328125000,865621040,4,38,676,578100,0.16655953574230495,0,0,0,0,0,0,0,0,0,0,0,0,0,66,20,0,0,0,0,0,0
YCSB_VALIDATION,YCSB_E,LARS_MONITOR_ONLY,4,69069,1000000,300000,372257500,805893.7697695815,1014.2966666666666,700.0,1800.0,3500.0,26565100,NaN,2800.0,NaN,NaN,1500.0,1015193,20834,0.7613703861476433,324406992,1656250000,343750000,865516104,4,38,989,826000,0.22188941794322478,0,0,0,0,0,0,0,0,0,0,0,0,0,67,20,0,0,0,0,0,0
YCSB_VALIDATION,YCSB_E,LARS_MONITOR_ONLY,5,48271,1000000,300000,366775900,817938.1469720339,1006.632,700.0,1800.0,3200.0,28191700,NaN,2900.0,NaN,NaN,1500.0,1015049,20834,0.7612623896035327,322292688,1343750000,328125000,864356968,4,38,873,793900,0.21645369829369923,0,0,0,0,0,0,0,0,0,0,0,0,0,70,20,0,0,0,0,0,0
YCSB_VALIDATION,YCSB_E,LARS_MONITOR_ONLY,6,134775813,1000000,300000,335679700,893709.0923281927,920.648,600.0,1600.0,3000.0,27935100,NaN,2900.0,NaN,NaN,1200.0,1014967,20834,0.7612008915714698,324612888,1203125000,312500000,865217392,4,40,657,710700,0.21171968397254884,0,0,0,0,0,0,0,0,0,0,0,0,0,65,20,0,0,0,0,0,0
YCSB_VALIDATION,YCSB_E,LARS_MONITOR_ONLY,7,16807,1000000,300000,326261400,919508.0999468524,885.6036666666666,600.0,1500.0,2700.0,25015500,NaN,2700.0,NaN,NaN,1200.0,1014848,20834,0.7611116444273783,321821280,1000000000,296875000,864722872,4,38,611,888900,0.2724502500142524,0,0,0,0,0,0,0,0,0,0,0,0,0,68,20,0,0,0,0,0,0
YCSB_VALIDATION,YCSB_E,LARS_MONITOR_ONLY,8,2147483647,1000000,300000,355252000,844470.9670881515,965.573,700.0,1700.0,3300.0,28026600,NaN,3100.0,NaN,NaN,1300.0,1015012,20834,0.7612346404915042,321886384,1156250000,328125000,866437456,4,39,643,864800,0.2434328307792778,0,0,0,0,0,0,0,0,0,0,0,0,0,70,20,0,0,0,0,0,0
YCSB_VALIDATION,YCSB_E,LARS_MONITOR_ONLY,9,6364136223846793005,1000000,300000,379380800,790762.2104228785,1034.912,700.0,1800.0,3700.0,29093200,NaN,3100.0,NaN,NaN,1400.0,1015059,20834,0.7612698893635403,323338968,1343750000,328125000,864680328,4,40,716,659100,0.1737304576299064,0,0,0,0,0,0,0,0,0,0,0,0,0,68,20,0,0,0,0,0,0
YCSB_VALIDATION,YCSB_E,STATIC_BPLUS,0,1103515245,1000000,300000,279531400,1073224.6896055327,794.4926666666667,500.0,1500.0,2700.0,29500700,NaN,2800.0,NaN,NaN,1100.0,1015118,20834,0.7613141379475856,323215472,921875000,250000000,856395672,4,43,376,0,0.0,0,0,0,0,0,0,0,0,0,0,0,0,0,0,0,0,0,0,0,0,0
YCSB_VALIDATION,YCSB_E,STATIC_BPLUS,1,214013,1000000,300000,291894400,1027768.9465779405,832.4443333333334,600.0,1600.0,3300.0,28420300,NaN,3200.0,NaN,NaN,1200.0,1015036,20834,0.7612526399155227,321953352,1109375000,250000000,857652680,4,40,428,0,0.0,0,0,0,0,0,0,0,0,0,0,0,0,0,0,0,0,0,0,0,0,0
YCSB_VALIDATION,YCSB_E,STATIC_BPLUS,2,1664525,1000000,300000,259185800,1157470.8182315542,740.8606666666667,500.0,1400.0,2300.0,27232400,NaN,2400.0,NaN,NaN,1000.0,1015033,20834,0.7612503899875204,320443232,1078125000,218750000,862818232,4,39,319,0,0.0,0,0,0,0,0,0,0,0,0,0,0,0,0,0,0,0,0,0,0,0,0
YCSB_VALIDATION,YCSB_E,STATIC_BPLUS,3,22695477,1000000,300000,252696900,1187193.0364005256,719.817,500.0,1400.0,2300.0,24647500,NaN,2400.0,NaN,NaN,1100.0,1014968,20834,0.7612016415474705,319937768,1078125000,218750000,858470696,4,34,389,0,0.0,0,0,0,0,0,0,0,0,0,0,0,0,0,0,0,0,0,0,0,0,0
YCSB_VALIDATION,YCSB_E,STATIC_BPLUS,4,69069,1000000,300000,268464200,1117467.4314117115,764.6053333333333,500.0,1500.0,2500.0,26488100,NaN,2400.0,NaN,NaN,1100.0,1015193,20834,0.7613703861476433,319093688,937500000,250000000,858773464,4,40,464,0,0.0,0,0,0,0,0,0,0,0,0,0,0,0,0,0,0,0,0,0,0,0,0
YCSB_VALIDATION,YCSB_E,STATIC_BPLUS,5,48271,1000000,300000,275669900,1088258.0941916401,786.4026666666666,500.0,1600.0,2800.0,27165200,NaN,2700.0,NaN,NaN,1200.0,1015049,20834,0.7612623896035327,321910240,1187500000,234375000,857303336,4,38,475,0,0.0,0,0,0,0,0,0,0,0,0,0,0,0,0,0,0,0,0,0,0,0,0
YCSB_VALIDATION,YCSB_E,STATIC_BPLUS,6,134775813,1000000,300000,261396400,1147682.2175056734,745.6136666666666,500.0,1300.0,2300.0,32956200,NaN,2400.0,NaN,NaN,1000.0,1014967,20834,0.7612008915714698,320353408,625000000,234375000,863920848,4,43,316,0,0.0,0,0,0,0,0,0,0,0,0,0,0,0,0,0,0,0,0,0,0,0,0
YCSB_VALIDATION,YCSB_E,STATIC_BPLUS,7,16807,1000000,300000,254073200,1180762.0795896617,722.457,500.0,1300.0,2300.0,27693300,NaN,2400.0,NaN,NaN,900.0,1014848,20834,0.7611116444273783,320151240,1046875000,218750000,856561000,4,40,293,0,0.0,0,0,0,0,0,0,0,0,0,0,0,0,0,0,0,0,0,0,0,0,0
YCSB_VALIDATION,YCSB_E,STATIC_BPLUS,8,2147483647,1000000,300000,254115300,1180566.4593985486,688.0563333333333,500.0,1300.0,2300.0,26674700,NaN,2400.0,NaN,NaN,1000.0,1015012,20834,0.7612346404915042,322624992,1046875000,218750000,858438800,4,38,357,0,0.0,0,0,0,0,0,0,0,0,0,0,0,0,0,0,0,0,0,0,0,0,0
YCSB_VALIDATION,YCSB_E,STATIC_BPLUS,9,6364136223846793005,1000000,300000,262928700,1140993.737085377,752.1,500.0,1500.0,2500.0,27158600,NaN,2600.0,NaN,NaN,1100.0,1015059,20834,0.7612698893635403,321369856,1265625000,218750000,852018248,4,38,533,0,0.0,0,0,0,0,0,0,0,0,0,0,0,0,0,0,0,0,0,0,0,0,0
